{
    "name": "root",
    "metadata": {
        "timer_format_version": "0.1.0",
        "start_time_seconds": "1590824258",
        "python_version": "3.8.3 (tags/v3.8.3:6f8c832, May 13 2020, 22:37:02) [MSC v.1924 64 bit (AMD64)]",
        "command_line_arguments": "C:\\Users\\Aivars\\AppData\\Local\\Programs\\Python\\Python38\\Scripts\\mlagents-learn config/rollerball_config.yaml --run-id=BallBalancer",
        "mlagents_version": "0.16.1",
        "mlagents_envs_version": "0.16.1",
        "communication_protocol_version": "1.0.0",
        "tensorflow_version": "2.2.0",
        "end_time_seconds": "1590824337"
    },
    "total": 79.59745579999999,
    "count": 1,
    "self": 0.00039780000000178006,
    "children": {
        "run_training.setup": {
            "total": 0.011954500000000756,
            "count": 1,
            "self": 0.011954500000000756
        },
        "TrainerController.start_learning": {
            "total": 79.58510349999999,
            "count": 1,
            "self": 2.5772901999998084,
            "children": {
                "TrainerController._reset_env": {
                    "total": 7.4576932,
                    "count": 1,
                    "self": 7.4576932
                },
                "TrainerController.advance": {
                    "total": 68.46337620000017,
                    "count": 8480,
                    "self": 0.05161020000031158,
                    "children": {
                        "env_step": {
                            "total": 68.41176599999986,
                            "count": 8480,
                            "self": 65.12613319999977,
                            "children": {
                                "SubprocessEnvManager._take_step": {
                                    "total": 3.2026410000001935,
                                    "count": 8480,
                                    "self": 0.12895329999984284,
                                    "children": {
                                        "NNPolicy.evaluate": {
                                            "total": 3.0736877000003506,
                                            "count": 7242,
                                            "self": 3.0736877000003506
                                        }
                                    }
                                },
                                "workers": {
                                    "total": 0.08299179999989548,
                                    "count": 8479,
                                    "self": 0.0,
                                    "children": {
                                        "worker_root": {
                                            "total": 70.52219030000023,
                                            "count": 8479,
                                            "is_parallel": true,
                                            "self": 10.890381699999928,
                                            "children": {
                                                "steps_from_proto": {
                                                    "total": 0.00027069999999973504,
                                                    "count": 1,
                                                    "is_parallel": true,
                                                    "self": 6.569999999950227e-05,
                                                    "children": {
                                                        "_process_vector_observation": {
                                                            "total": 0.00020500000000023277,
                                                            "count": 2,
                                                            "is_parallel": true,
                                                            "self": 0.00020500000000023277
                                                        }
                                                    }
                                                },
                                                "UnityEnvironment.step": {
                                                    "total": 59.6315379000003,
                                                    "count": 8479,
                                                    "is_parallel": true,
                                                    "self": 0.3259460000003358,
                                                    "children": {
                                                        "UnityEnvironment._generate_step_input": {
                                                            "total": 0.5231955999999194,
                                                            "count": 8479,
                                                            "is_parallel": true,
                                                            "self": 0.5231955999999194
                                                        },
                                                        "communicator.exchange": {
                                                            "total": 57.835907900000294,
                                                            "count": 8479,
                                                            "is_parallel": true,
                                                            "self": 57.835907900000294
                                                        },
                                                        "steps_from_proto": {
                                                            "total": 0.9464883999997529,
                                                            "count": 8479,
                                                            "is_parallel": true,
                                                            "self": 0.3538428999999983,
                                                            "children": {
                                                                "_process_vector_observation": {
                                                                    "total": 0.5926454999997546,
                                                                    "count": 16958,
                                                                    "is_parallel": true,
                                                                    "self": 0.5926454999997546
                                                                }
                                                            }
                                                        }
                                                    }
                                                }
                                            }
                                        }
                                    }
                                }
                            }
                        }
                    }
                },
                "trainer_threads": {
                    "total": 1.970000000994787e-05,
                    "count": 1,
                    "self": 1.970000000994787e-05,
                    "children": {
                        "thread_root": {
                            "total": 0.0,
                            "count": 0,
                            "is_parallel": true,
                            "self": 0.0,
                            "children": {
                                "trainer_advance": {
                                    "total": 69.6509770000002,
                                    "count": 34025,
                                    "is_parallel": true,
                                    "self": 0.5185485000005201,