{
    "name": "root",
    "gauges": {
        "BallBouncerThird1_BallBalancer.Policy.Entropy.mean": {
            "value": 1.3165419101715088,
            "min": 1.3165223598480225,
            "max": 1.5045615434646606,
            "count": 400
        },
        "BallBouncerThird1_BallBalancer.Environment.EpisodeLength.mean": {
            "value": 52.74193548387097,
            "min": 11.747448979591837,
            "max": 62.62893081761006,
            "count": 400
        },
        "BallBouncerThird1_BallBalancer.Policy.ExtrinsicValueEstimate.mean": {
            "value": 13.763567924499512,
            "min": 3.8327996730804443,
            "max": 96.88152313232422,
            "count": 400
        },
        "BallBouncerThird1_BallBalancer.Environment.CumulativeReward.mean": {
            "value": 25.652432491328266,
            "min": 5.074777062835207,
            "max": 30.549685511199183,
            "count": 400
        },
        "BallBouncerThird1_BallBalancer.Policy.ExtrinsicReward.mean": {
            "value": 25.652432491328266,
            "min": 5.074777062835207,
            "max": 30.549685511199183,
            "count": 400
        },
        "BallBouncerThird1_BallBalancer.IsTraining.mean": {
            "value": 1.0,
            "min": 1.0,
            "max": 1.0,
            "count": 400
        },
        "BallBouncerThird1_BallBalancer.Losses.ValueLoss.mean": {
            "value": 30.952619552612305,
            "min": 7.168323993682861,
            "max": 9515.9775390625,
            "count": 389
        },
        "BallBouncerThird1_BallBalancer.Losses.PolicyLoss.mean": {
            "value": 0.022183621302247047,
            "min": 0.013199596665799618,
            "max": 0.04982804134488106,
            "count": 389
        },
        "BallBouncerThird1_BallBalancer.Policy.LearningRate.mean": {
            "value": 5.350037781681749e-07,
            "min": 5.350037781681749e-07,
            "max": 0.0002992308873217553,
            "count": 389
        }
    },
    "metadata": {
        "timer_format_version": "0.1.0",
        "start_time_seconds": "1590862808",
        "python_version": "3.8.3 (tags/v3.8.3:6f8c832, May 13 2020, 22:37:02) [MSC v.1924 64 bit (AMD64)]",
        "command_line_arguments": "C:\\Users\\Aivars\\AppData\\Local\\Programs\\Python\\Python38\\Scripts\\mlagents-learn config/rollerball_config.yaml --run-id=BallBouncerThird1 --env=./Builds/ml-agent-simple.exe --time-scale=10 --quality-level=0 --width=512 --height=512",
        "mlagents_version": "0.16.1",
        "mlagents_envs_version": "0.16.1",
        "communication_protocol_version": "1.0.0",
        "tensorflow_version": "2.2.0",
        "end_time_seconds": "1590866476"
    },
    "total": 3668.3648526,
    "count": 1,
    "self": 0.734136000000035,
    "children": {
        "run_training.setup": {
            "total": 0.01947959999999993,
            "count": 1,
            "self": 0.01947959999999993
        },
        "TrainerController.start_learning": {
            "total": 3667.611237,
            "count": 1,
            "self": 168.32491070002607,
            "children": {
                "TrainerController._reset_env": {
                    "total": 5.391088700000001,
                    "count": 1,
                    "self": 5.391088700000001
                },
                "TrainerController.advance": {
                    "total": 3484.169579999974,
                    "count": 336875,
                    "self": 3.5592114000182846,
                    "children": {
                        "env_step": {
                            "total": 3480.6103685999556,
                            "count": 336875,
                            "self": 3269.684909199875,
                            "children": {
                                "SubprocessEnvManager._take_step": {
                                    "total": 205.98784790008452,
                                    "count": 336875,
                                    "self": 10.72219540008166,
                                    "children": {
                                        "NNPolicy.evaluate": {
                                            "total": 195.26565250000286,
                                            "count": 250021,
                                            "self": 195.26565250000286
                                        }
                                    }
                                },
                                "workers": {
                                    "total": 4.937611499996006,
                                    "count": 336875,
                                    "self": 0.0,
                                    "children": {
                                        "worker_root": {
                                            "total": 3649.5856419000816,
                                            "count": 336875,
                                            "is_parallel": true,
                                            "self": 1004.9178155000791,
                                            "children": {
                                                "steps_from_proto": {
                                                    "total": 0.0022508999999999446,
                                                    "count": 1,
                                                    "is_parallel": true,
                                                    "self": 0.00010370000000037294,
                                                    "children": {
                                                        "_process_vector_observation": {
                                                            "total": 0.0021471999999995717,
                                                            "count": 2,
                                                            "is_parallel": true,
                                                            "self": 0.0021471999999995717
                                                        }
                                                    }
                                                },
                                                "UnityEnvironment.step": {
                                                    "total": 2644.6655755000024,
                                                    "count": 336875,
                                                    "is_parallel": true,
                                                    "self": 28.09871209997027,
                                                    "children": {
                                                        "UnityEnvironment._generate_step_input": {
                                                            "total": 113.1994618999909,
                                                            "count": 336875,
                                                            "is_parallel": true,
                                                            "self": 113.1994618999909
                                                        },
                                                        "communicator.exchange": {
                                                            "total": 2420.073753399942,
                                                            "count": 336875,
                                                            "is_parallel": true,
                                                            "self": 2420.073753399942
                                                        },
                                                        "steps_from_proto": {
                                                            "total": 83.29364810009909,
                                                            "count": 336875,