{
    "name": "root",
    "gauges": {
        "BallBalancer5_BallBalancer.Policy.Entropy.mean": {
            "value": 1.2465074062347412,
            "min": 1.2465074062347412,
            "max": 1.5784180164337158,
            "count": 400
        },
        "BallBalancer5_BallBalancer.Environment.EpisodeLength.mean": {
            "value": 4.830805134189031,
            "min": 3.922129127649088,
            "max": 5.071688942891859,
            "count": 400
        },
        "BallBalancer5_BallBalancer.Policy.ExtrinsicValueEstimate.mean": {
            "value": 2.064014434814453,
            "min": -52.35795211791992,
            "max": 8.938084602355957,
            "count": 400
        },
        "BallBalancer5_BallBalancer.Environment.CumulativeReward.mean": {
            "value": 4.350379636197326,
            "min": 3.4249636030502355,
            "max": 4.57704981414202,
            "count": 400
        },
        "BallBalancer5_BallBalancer.Policy.ExtrinsicReward.mean": {
            "value": 4.350379636197326,
            "min": 3.4249636030502355,
            "max": 4.57704981414202,
            "count": 400
        },
        "BallBalancer5_BallBalancer.IsTraining.mean": {
            "value": 1.0,
            "min": 1.0,
            "max": 1.0,
            "count": 400
        },
        "BallBalancer5_BallBalancer.Losses.ValueLoss.mean": {
            "value": 1.9940069913864136,
            "min": 0.7348372340202332,
            "max": 8624.0205078125,
            "count": 390
        },
        "BallBalancer5_BallBalancer.Losses.PolicyLoss.mean": {
            "value": 0.022732794284820557,
            "min": 0.014718111604452133,
            "max": 0.3605699837207794,
            "count": 390
        },
        "BallBalancer5_BallBalancer.Policy.LearningRate.mean": {
            "value": 1.1223361298107193e-06,
            "min": 1.1223361298107193e-06,
            "max": 0.0009974392596632242,
            "count": 390
        }
    },
    "metadata": {
        "timer_format_version": "0.1.0",
        "start_time_seconds": "1590835077",
        "python_version": "3.8.3 (tags/v3.8.3:6f8c832, May 13 2020, 22:37:02) [MSC v.1924 64 bit (AMD64)]",
        "command_line_arguments": "C:\\Users\\Aivars\\AppData\\Local\\Programs\\Python\\Python38\\Scripts\\mlagents-learn config/rollerball_config.yaml --run-id=BallBalancer5 --env=./Builds/ml-agent-simple.exe --time-scale=10 --quality-level=0 --width=512 --height=512",
        "mlagents_version": "0.16.1",
        "mlagents_envs_version": "0.16.1",
        "communication_protocol_version": "1.0.0",
        "tensorflow_version": "2.2.0",
        "end_time_seconds": "1590838856"
    },
    "total": 3779.4091839,
    "count": 1,
    "self": 0.451763299999584,
    "children": {
        "run_training.setup": {
            "total": 0.005191700000000132,
            "count": 1,
            "self": 0.005191700000000132
        },
        "TrainerController.start_learning": {
            "total": 3778.9522289,
            "count": 1,
            "self": 176.48049409981877,
            "children": {
                "TrainerController._reset_env": {
                    "total": 5.7678438,
                    "count": 1,
                    "self": 5.7678438
                },
                "TrainerController.advance": {
                    "total": 3580.6065881001814,
                    "count": 764229,
                    "self": 4.504051700183027,
                    "children": {
                        "env_step": {
                            "total": 3576.1025363999984,
                            "count": 764229,
                            "self": 3450.2601107998,
                            "children": {
                                "SubprocessEnvManager._take_step": {
                                    "total": 119.13160419995873,
                                    "count": 764229,
                                    "self": 8.038372099924146,
                                    "children": {
                                        "NNPolicy.evaluate": {
                                            "total": 111.09323210003458,
                                            "count": 250004,
                                            "self": 111.09323210003458
                                        }
                                    }
                                },
                                "workers": {
                                    "total": 6.710821400239762,
                                    "count": 764229,
                                    "self": 0.0,
                                    "children": {
                                        "worker_root": {
                                            "total": 3759.480437799965,
                                            "count": 764229,
                                            "is_parallel": true,
                                            "self": 1054.311278100045,
                                            "children": {
                                                "steps_from_proto": {
                                                    "total": 0.00029250000000047294,
                                                    "count": 1,
                                                    "is_parallel": true,
                                                    "self": 6.690000000109109e-05,
                                                    "children": {
                                                        "_process_vector_observation": {
                                                            "total": 0.00022559999999938185,
                                                            "count": 2,
                                                            "is_parallel": true,
                                                            "self": 0.00022559999999938185
                                                        }
                                                    }
                                                },
                                                "UnityEnvironment.step": {
                                                    "total": 2705.16886719992,
                                                    "count": 764229,
                                                    "is_parallel": true,
                                                    "self": 32.143151299627334,
                                                    "children": {
                                                        "UnityEnvironment._generate_step_input": {
                                                            "total": 81.98800760003678,
                                                            "count": 764229,
                                                            "is_parallel": true,
                                                            "self": 81.98800760003678
                                                        },
                                                        "communicator.exchange": {
                                                            "total": 2492.763009900083,
                                                            "count": 764229,
                                                            "is_parallel": true,
                                                            "self": 2492.763009900083
                                                        },
                                                        "steps_from_proto": {
                                                            "total": 98.27469840017298,
                                                            "count": 764229,
                                                            "is_parallel": true,