{
    "name": "root",
    "gauges": {
        "BallBalancer_BallBalancer.Policy.Entropy.mean": {
            "value": 1.5720444917678833,
            "min": 1.4441574811935425,
            "max": 1.5720444917678833,
            "count": 5
        },
        "BallBalancer_BallBalancer.Environment.EpisodeLength.mean": {
            "value": 3.8823816495851635,
            "min": 3.755703422053232,
            "max": 4.547420965058237,
            "count": 5
        },
        "BallBalancer_BallBalancer.Policy.ExtrinsicValueEstimate.mean": {
            "value": 1.4568181037902832,
            "min": 1.3612420558929443,
            "max": 2.613266706466675,
            "count": 5
        },
        "BallBalancer_BallBalancer.Environment.CumulativeReward.mean": {
            "value": 3.384326698607765,
            "min": 3.2643371925317726,
            "max": 4.01459546134157,
            "count": 5
        },
        "BallBalancer_BallBalancer.Policy.ExtrinsicReward.mean": {
            "value": 3.384326698607765,
            "min": 3.2643371925317726,
            "max": 4.01459546134157,
            "count": 5
        },
        "BallBalancer_BallBalancer.Losses.ValueLoss.mean": {
            "value": 0.27081701159477234,
            "min": 0.27081701159477234,
            "max": 45.373565673828125,
            "count": 5
        },
        "BallBalancer_BallBalancer.Losses.PolicyLoss.mean": {
            "value": 0.2504000663757324,
            "min": 0.2504000663757324,
            "max": 0.29588043689727783,
            "count": 5
        },
        "BallBalancer_BallBalancer.Policy.LearningRate.mean": {
            "value": 3.003621350217145e-05,
            "min": 3.003621350217145e-05,
            "max": 0.0002697720774449408,
            "count": 5
        },
        "BallBalancer_BallBalancer.IsTraining.mean": {
            "value": 1.0,
            "min": 1.0,
            "max": 1.0,
            "count": 5
        }
    },
    "metadata": {
        "timer_format_version": "0.1.0",
        "start_time_seconds": "1590824857",
        "python_version": "3.8.3 (tags/v3.8.3:6f8c832, May 13 2020, 22:37:02) [MSC v.1924 64 bit (AMD64)]",
        "command_line_arguments": "C:\\Users\\Aivars\\AppData\\Local\\Programs\\Python\\Python38\\Scripts\\mlagents-learn config/rollerball_config.yaml --run-id=BallBalancer --force",
        "mlagents_version": "0.16.1",
        "mlagents_envs_version": "0.16.1",
        "communication_protocol_version": "1.0.0",
        "tensorflow_version": "2.2.0",
        "end_time_seconds": "1590824935"
    },
    "total": 77.7278681,
    "count": 1,
    "self": 0.24477949999999282,
    "children": {
        "run_training.setup": {
            "total": 0.004273500000000041,
            "count": 1,
            "self": 0.004273500000000041
        },
        "TrainerController.start_learning": {
            "total": 77.4788151,
            "count": 1,
            "self": 3.4845617999997245,
            "children": {
                "TrainerController._reset_env": {
                    "total": 6.951414100000001,
                    "count": 1,
                    "self": 6.951414100000001
                },
                "TrainerController.advance": {
                    "total": 65.98573900000028,
                    "count": 10473,
                    "self": 0.06778369999959466,
                    "children": {
                        "env_step": {
                            "total": 65.91795530000068,
                            "count": 10473,
                            "self": 64.23488310000036,
                            "children": {
                                "SubprocessEnvManager._take_step": {
                                    "total": 1.5854932999998859,
                                    "count": 10473,
                                    "self": 0.11562910000000137,
                                    "children": {
                                        "NNPolicy.evaluate": {
                                            "total": 1.4698641999998845,
                                            "count": 3129,
                                            "self": 1.4698641999998845
                                        }
                                    }
                                },
                                "workers": {
                                    "total": 0.097578900000439,
                                    "count": 10473,
                                    "self": 0.0,
                                    "children": {
                                        "worker_root": {
                                            "total": 68.92226559999959,
                                            "count": 10473,
                                            "is_parallel": true,
                                            "self": 14.051340599999925,
                                            "children": {
                                                "steps_from_proto": {
                                                    "total": 0.0003435000000004962,
                                                    "count": 1,
                                                    "is_parallel": true,
                                                    "self": 8.340000000117698e-05,
                                                    "children": {
                                                        "_process_vector_observation": {
                                                            "total": 0.0002600999999993192,
                                                            "count": 2,
                                                            "is_parallel": true,
                                                            "self": 0.0002600999999993192
                                                        }
                                                    }
                                                },
                                                "UnityEnvironment.step": {
                                                    "total": 54.870581499999666,
                                                    "count": 10473,
                                                    "is_parallel": true,
                                                    "self": 0.4786374000004301,
                                                    "children": {
                                                        "UnityEnvironment._generate_step_input": {
                                                            "total": 1.0802058000001766,
                                                            "count": 10473,
                                                            "is_parallel": true,
                                                            "self": 1.0802058000001766
                                                        },
                                                        "communicator.exchange": {
                                                            "total": 51.859922599999365,
                                                            "count": 10473,
                                                            "is_parallel": true,
                                                            "self": 51.859922599999365
                                                        },
                                                        "steps_from_proto": {
                                                            "total": 1.4518156999996883,
                                                            "count": 10473,
                                                            "is_parallel": true,
                                                            "self": 0.4897951999998664,