{
    "name": "root",
    "gauges": {
        "BallBalancer6_BallBalancer.Policy.Entropy.mean": {
            "value": 1.4336885213851929,
            "min": 1.4189382791519165,
            "max": 1.4337236881256104,
            "count": 100
        },
        "BallBalancer6_BallBalancer.Environment.EpisodeLength.mean": {
            "value": 4.066463723997971,
            "min": 3.9573835480673933,
            "max": 4.147195059186824,
            "count": 100
        },
        "BallBalancer6_BallBalancer.Policy.ExtrinsicValueEstimate.mean": {
            "value": 1.2863340377807617,
            "min": -18.579647064208984,
            "max": 1.2863340377807617,
            "count": 100
        },
        "BallBalancer6_BallBalancer.Environment.CumulativeReward.mean": {
            "value": 3.5694886324554305,
            "min": 3.473935126785717,
            "max": 3.639166786446132,
            "count": 100
        },
        "BallBalancer6_BallBalancer.Policy.ExtrinsicReward.mean": {
            "value": 3.5694886324554305,
            "min": 3.473935126785717,
            "max": 3.639166786446132,
            "count": 100
        },
        "BallBalancer6_BallBalancer.IsTraining.mean": {
            "value": 1.0,
            "min": 1.0,
            "max": 1.0,
            "count": 100
        },
        "BallBalancer6_BallBalancer.Losses.ValueLoss.mean": {
            "value": 1.8621989488601685,
            "min": 1.8621989488601685,
            "max": 1207.847900390625,
            "count": 19
        },
        "BallBalancer6_BallBalancer.Losses.PolicyLoss.mean": {
            "value": 0.00834970735013485,
            "min": 0.008043046109378338,
            "max": 0.22129973769187927,
            "count": 19
        },
        "BallBalancer6_BallBalancer.Policy.LearningRate.mean": {
            "value": 8.133701157930773e-06,
            "min": 8.133701157930773e-06,
            "max": 0.00028463974012993276,
            "count": 19
        }
    },
    "metadata": {
        "timer_format_version": "0.1.0",
        "start_time_seconds": "1590840760",
        "python_version": "3.8.3 (tags/v3.8.3:6f8c832, May 13 2020, 22:37:02) [MSC v.1924 64 bit (AMD64)]",
        "command_line_arguments": "C:\\Users\\Aivars\\AppData\\Local\\Programs\\Python\\Python38\\Scripts\\mlagents-learn config/rollerball_config.yaml --run-id=BallBalancer6 --env=./Builds/ml-agent-simple.exe --time-scale=10 --quality-level=0 --width=512 --height=512",
        "mlagents_version": "0.16.1",
        "mlagents_envs_version": "0.16.1",
        "communication_protocol_version": "1.0.0",
        "tensorflow_version": "2.2.0",
        "end_time_seconds": "1590841781"
    },
    "total": 1021.5423158,
    "count": 1,
    "self": 0.46418529999994007,
    "children": {
        "run_training.setup": {
            "total": 0.004666100000000117,
            "count": 1,
            "self": 0.004666100000000117
        },
        "TrainerController.start_learning": {
            "total": 1021.0734644,
            "count": 1,
            "self": 43.44571149997,
            "children": {
                "TrainerController._reset_env": {
                    "total": 4.527721,
                    "count": 1,
                    "self": 4.527721
                },
                "TrainerController.advance": {
                    "total": 967.91407330003,
                    "count": 205883,
                    "self": 1.2794182000424144,
                    "children": {
                        "env_step": {
                            "total": 966.6346550999876,
                            "count": 205883,
                            "self": 933.7427845999935,
                            "children": {
                                "SubprocessEnvManager._take_step": {
                                    "total": 30.950224800001024,
                                    "count": 205883,
                                    "self": 2.153995700012377,
                                    "children": {
                                        "NNPolicy.evaluate": {
                                            "total": 28.796229099988647,
                                            "count": 62503,
                                            "self": 28.796229099988647
                                        }
                                    }
                                },
                                "workers": {
                                    "total": 1.9416456999932095,
                                    "count": 205883,
                                    "self": 0.0,
                                    "children": {
                                        "worker_root": {
                                            "total": 1011.6800884999924,
                                            "count": 205883,
                                            "is_parallel": true,
                                            "self": 298.1000041000058,
                                            "children": {
                                                "steps_from_proto": {
                                                    "total": 0.0002919000000005667,
                                                    "count": 1,
                                                    "is_parallel": true,
                                                    "self": 6.930000000071601e-05,
                                                    "children": {
                                                        "_process_vector_observation": {
                                                            "total": 0.0002225999999998507,
                                                            "count": 2,
                                                            "is_parallel": true,
                                                            "self": 0.0002225999999998507
                                                        }
                                                    }
                                                },
                                                "UnityEnvironment.step": {
                                                    "total": 713.5797924999866,
                                                    "count": 205883,
                                                    "is_parallel": true,
                                                    "self": 8.731115299930366,
                                                    "children": {
                                                        "UnityEnvironment._generate_step_input": {
                                                            "total": 21.029736300010338,
                                                            "count": 205883,
                                                            "is_parallel": true,
                                                            "self": 21.029736300010338
                                                        },
                                                        "communicator.exchange": {
                                                            "total": 656.9415603000255,
                                                            "count": 205883,
                                                            "is_parallel": true,
                                                            "self": 656.9415603000255
                                                        },
                                                        "steps_from_proto": {
                                                            "total": 26.877380600020548,
                                                            "count": 205883,
                                                            "is_parallel": true,