{"count":1,"self":22.390311999999998,"total":22.460370299999997,"children":{"AgentSendState":{"count":750,"self":0.0210121,"total":0.0380451,"children":{"CollectObservations":{"count":1200,"self":0.0120313,"total":0.0120313,"children":null},"CollectDiscreteActionMasks":{"count":1200,"self":0.0050016999999999995,"total":0.0050016999999999995,"children":null}}},"DecideAction":{"count":750,"self":0.0070041999999999995,"total":0.0070041999999999995,"children":null},"AgentAct":{"count":750,"self":0.024009199999999998,"total":0.024009199999999998,"children":null}},"gauges":{"BallBalancer.CumulativeReward":{"count":99,"max":24.30006,"min":3.09999847,"runningAverage":9.492939,"value":24.30006,"weightedAverage":19.0079632}},"metadata":{"timer_format_version":"0.1.0","start_time_seconds":"1590824713","unity_version":"2019.3.14f1","command_line_arguments":"C:\\Program Files\\Unity\\Hub\\Editor\\2019.3.14f1\\Editor\\Unity.exe -projectpath D:\/src\/unity\/ml-agent-simple -useHub -hubIPC -cloudEnvironment production -hubSessionId 5a742400-a247-11ea-96ea-4fdbd599e30d -accessToken wx74XO1k9us079A3YpMV1dZZJNnFoAAQXmzgfhE4J9c007f","communication_protocol_version":"1.0.0","com.unity.ml-agents_version":"1.0.2-preview","scene_name":"SampleScene","end_time_seconds":"1590824735"}}